<?xml version="1.0"?>
<?xml-stylesheet type="text/xsl" href="configuration.xsl"?>
<!--
/**
 *
 * Licensed to the Apache Software Foundation (ASF) under one
 * or more contributor license agreements.  See the NOTICE file
 * distributed with this work for additional information
 * regarding copyright ownership.  The ASF licenses this file
 * to you under the Apache License, Version 2.0 (the
 * "License"); you may not use this file except in compliance
 * with the License.  You may obtain a copy of the License at
 *
 *     http://www.apache.org/licenses/LICENSE-2.0
 *
 * Unless required by applicable law or agreed to in writing, software
 * distributed under the License is distributed on an "AS IS" BASIS,
 * WITHOUT WARRANTIES OR CONDITIONS OF ANY KIND, either express or implied.
 * See the License for the specific language governing permissions and
 * limitations under the License.
 */
-->
<configuration>
<property>
<name>hbase.rootdir</name>
<value>hdfs://mycluster:8020/hbase</value>
<description>
The directory shared by region servers. Should be fully-
qualified to include the filesystem to use.
E.g: hdfs://NAMENODE_SERVER:PORT/HBASE_ROOTDIR
</description>
</property>
<property>
<name>hbase.cluster.distributed</name>
<value>true</value>
<description>
The mode the cluster will be in. Possible values are false:
standalone and pseudo-distributed setups with managed Zookeeper
true: fully-distributed with unmanaged Zookeeper Quorum (see hbase-
env.sh)
</description>
</property>
<property>
<name>hbase.zookeeper.quorum</name>
<value>JN1.local,JN2.local,JN3.local</value>
<description>
Comma separated list of servers in the ZooKeeper Quorum.If
HBASE_MANAGES_ZK is set in hbase-env.sh this is the list of servers
which we will start/stop ZooKeeper on.
</description>
</property>
<property>
<name>hbase.zookeeper.property.clientPort</name>
<value>2181</value>
</property>

<property> 
   <name>hbase.regionserver.port</name> 
   <value>0</value> 
</property> 
<property> 
   <name>hbase.regionserver.info.port</name> 
   <value>16030</value> 
</property> 
<property> 
   <name>hbase.regionserver.info.bindAddress</name> 
   <value>0.0.0.0</value> 
</property> 
<property> 
   <name>hbase.master.port</name> 
   <value>60000</value> 
</property> 
<property> 
   <name>hbase.master.info.port</name> 
   <value>16010</value> 
</property>
<property> 
   <name>hbase.master.info.bindAddress</name> 
   <value>0.0.0.0</value> 
</property> 

</configuration>
