<?xml version="1.0" encoding="UTF-8"?>
<?xml-stylesheet type="text/xsl" href="configuration.xsl"?>
<!--
  Licensed under the Apache License, Version 2.0 (the "License");
  you may not use this file except in compliance with the License.
  You may obtain a copy of the License at

    http://www.apache.org/licenses/LICENSE-2.0

  Unless required by applicable law or agreed to in writing, software
  distributed under the License is distributed on an "AS IS" BASIS,
  WITHOUT WARRANTIES OR CONDITIONS OF ANY KIND, either express or implied.
  See the License for the specific language governing permissions and
  limitations under the License. See accompanying LICENSE file.
-->

<!-- Put site-specific property overrides in this file. -->

<configuration>
<property>
        <name>dfs.replication</name>
        <value>3</value>
</property>

<!-- This is for namenode metadata index directory (Only need for all namenode)-->

<property>
  <name>dfs.name.dir</name>
  <value>/opt/software/hdfsdrive/name</value>
</property>

<!-- This is for datanode data direcotry (All the data node should contains this properties) -->
<property>
	<name> dfs.datanode.data.dir</name>
	<value>/opt/software/hdfsdrive/datanode</value>
</property>
<property>
        <name>dfs.permissions</name>
        <value>false</value>
</property>
<property>
        <name>dfs.webhdfs.enabled</name>
        <value>true</value>
</property>
<property>
        <name>dfs.permissions.enabled</name>
        <value>true</value>
</property>
<property>
        <name>dfs.nameservices</name>
        <value>mycluster</value>
        <final>true</final>
</property>
<property>
        <name>dfs.ha.namenodes.mycluster</name>
        <value>master1,master2</value>
        <final>true</final>
</property>
<property>
        <name>dfs.namenode.rpc-address.mycluster.master1</name>
        <value>nn1:8020</value>
</property>
<property>
        <name>dfs.namenode.rpc-address.mycluster.master2</name>
        <value>nn2:8020</value>
</property>
<property>
        <name>dfs.namenode.http-address.mycluster.master1</name>
        <value>nn1:50070</value>
</property>
<property>
        <name>dfs.namenode.http-address.mycluster.master2</name>
        <value>nn2:50070</value>
</property>
<property>
        <name>dfs.namenode.shared.edits.dir</name>
        <value>qjournal://jn1:8485;jn2:8485;jn3:8485/mycluster</value>
</property>
<property>
        <name>dfs.ha.automatic-failover.enabled</name>
        <value>true</value>
</property>
<property>
        <name>dfs.ha.automatic-failover.enabled.mycluster</name>
        <value>true</value>
</property>
<property>
        <name>ha.zookeeper.quorum</name>
        <value>jn1:2181,jn2:2181,jn3:2181</value>
</property>
<!--
<property>
        <name>dfs.ha.fencing.methods</name>
        <value>sshfence</value>
</property>
-->

<property>
        <name>dfs.ha.fencing.ssh.private-key-files</name>
        <value>/root/.ssh/id_rsa</value>
</property>

<!-- If ssh dest not work as above so we need to put below configuraion for dynamic activation of namenode -->
<property>
        <name>dfs.ha.fencing.methods</name>
        <value>shell(/bin/bash)</value>
</property>
<property>
        <name>dfs.ha.fencing.ssh.connect-timeout</name>
        <value>3000</value>
</property>
<property>
        <name>dfs.client.failover.proxy.provider.mycluster</name>
        <value>org.apache.hadoop.hdfs.server.namenode.ha.ConfiguredFailoverProxyProvider</value>
</property>
</configuration>
